INSERT INTO ITEM (ID,NOME, PONTOS) VALUES (1,'ARMA',4);
INSERT INTO ITEM (ID,NOME, PONTOS) VALUES (2,'MUNIÇÃO',3);
INSERT INTO ITEM (ID,NOME, PONTOS) VALUES (3,'ÁGUA',2);
INSERT INTO ITEM (ID,NOME, PONTOS) VALUES (4,'COMIDA',1);

INSERT INTO LOCALIZACAO (ID,BASE,GALAXIA,LATITUDE,LONGITUDE) VALUES(1,'Base Echo','Sistema Hoth', '-50.9835','132.3610');
INSERT INTO LOCALIZACAO (ID,BASE,GALAXIA,LATITUDE,LONGITUDE) VALUES(2,'Centro Industrial de Durkteel','A galáxia', '30.1001','-142.0539');
INSERT INTO LOCALIZACAO (ID,BASE,GALAXIA,LATITUDE,LONGITUDE) VALUES(3,'Grande Templo Massassi','Galáxia de Órion', '28.3861','-106.8005');
INSERT INTO LOCALIZACAO (ID,BASE,GALAXIA,LATITUDE,LONGITUDE) VALUES(4,'Posto avançado de Crait','A galáxia', '75.0388','-174.2728');

INSERT INTO REBELDE(ID,FIELACAUSA,GENERO,IDADE,NOME,ID_LOCALIZACAO) VALUES (1,1,'MASCULINO',100,'Chewbacca',1);
INSERT INTO REBELDE(ID,FIELACAUSA,GENERO,IDADE,NOME,ID_LOCALIZACAO) VALUES (2,1,'FEMININO',20,'Sabine Wren',3);
INSERT INTO REBELDE(ID,FIELACAUSA,GENERO,IDADE,NOME,ID_LOCALIZACAO) VALUES (3,1,'MASCULINO',28,'Han Solo',1);
INSERT INTO REBELDE(ID,FIELACAUSA,GENERO,IDADE,NOME,ID_LOCALIZACAO) VALUES (4,1,'MASCULINO',28,'Dak Ralter',3);
INSERT INTO REBELDE(ID,FIELACAUSA,GENERO,IDADE,NOME,ID_LOCALIZACAO) VALUES (5,1,'FEMININO',70,'Lohgarra',3);
INSERT INTO REBELDE(ID,FIELACAUSA,GENERO,IDADE,NOME,ID_LOCALIZACAO) VALUES (6,1,'FEMININO',22,'Nakari Kelen',3);
INSERT INTO REBELDE(ID,FIELACAUSA,GENERO,IDADE,NOME,ID_LOCALIZACAO) VALUES (7,1,'MASCULINO',24,'Cassian Jeron Andor',3);
INSERT INTO REBELDE(ID,FIELACAUSA,GENERO,IDADE,NOME,ID_LOCALIZACAO) VALUES (8,1,'FEMININO',24,'Catta Dionize',1);
INSERT INTO REBELDE(ID,FIELACAUSA,GENERO,IDADE,NOME,ID_LOCALIZACAO) VALUES (9,1,'MASCULINO',45,'Baze Malbus',4);
INSERT INTO REBELDE(ID,FIELACAUSA,GENERO,IDADE,NOME,ID_LOCALIZACAO) VALUES (10,1,'MASCULINO',40,'Cappandar',1);

INSERT INTO INVENTARIO (ID,QTD,ID_ITEM,ID_REBELDE) VALUES (1,  5,  1,   1);
INSERT INTO INVENTARIO (ID,QTD,ID_ITEM,ID_REBELDE) VALUES (3,20,2,1);
INSERT INTO INVENTARIO (ID,QTD,ID_ITEM,ID_REBELDE) VALUES (4,3,3,1);


INSERT INTO INVENTARIO (ID,QTD,ID_ITEM,ID_REBELDE) VALUES (5,1,4,2);
INSERT INTO INVENTARIO (ID,QTD,ID_ITEM,ID_REBELDE) VALUES (6,2,1,2);
INSERT INTO INVENTARIO (ID,QTD,ID_ITEM,ID_REBELDE) VALUES (7,5,3,2);


INSERT INTO INVENTARIO (ID,QTD,ID_ITEM,ID_REBELDE) VALUES (8,  5,  1,   3);
INSERT INTO INVENTARIO (ID,QTD,ID_ITEM,ID_REBELDE) VALUES (9,4,4,3);
INSERT INTO INVENTARIO (ID,QTD,ID_ITEM,ID_REBELDE) VALUES (10,20,2,3);
INSERT INTO INVENTARIO (ID,QTD,ID_ITEM,ID_REBELDE) VALUES (11,3,3,3);

INSERT INTO INVENTARIO (ID,QTD,ID_ITEM,ID_REBELDE) VALUES (12,  5,  1,   4);
INSERT INTO INVENTARIO (ID,QTD,ID_ITEM,ID_REBELDE) VALUES (13,4,4,4);
INSERT INTO INVENTARIO (ID,QTD,ID_ITEM,ID_REBELDE) VALUES (14,20,2,4);
INSERT INTO INVENTARIO (ID,QTD,ID_ITEM,ID_REBELDE) VALUES (15,3,3,4);

INSERT INTO INVENTARIO (ID,QTD,ID_ITEM,ID_REBELDE) VALUES (16,1,4,5);
INSERT INTO INVENTARIO (ID,QTD,ID_ITEM,ID_REBELDE) VALUES (17,2,1,5);
INSERT INTO INVENTARIO (ID,QTD,ID_ITEM,ID_REBELDE) VALUES (18,5,3,5);


INSERT INTO INVENTARIO (ID,QTD,ID_ITEM,ID_REBELDE) VALUES (19,  5,  1,   6);
INSERT INTO INVENTARIO (ID,QTD,ID_ITEM,ID_REBELDE) VALUES (20,4,4,6);
INSERT INTO INVENTARIO (ID,QTD,ID_ITEM,ID_REBELDE) VALUES (21,20,2,6);
INSERT INTO INVENTARIO (ID,QTD,ID_ITEM,ID_REBELDE) VALUES (22,3,3,6);


INSERT INTO INVENTARIO (ID,QTD,ID_ITEM,ID_REBELDE) VALUES (23,  5,  1,   7);
INSERT INTO INVENTARIO (ID,QTD,ID_ITEM,ID_REBELDE) VALUES (24,4,4,7);
INSERT INTO INVENTARIO (ID,QTD,ID_ITEM,ID_REBELDE) VALUES (25,20,2,7);
INSERT INTO INVENTARIO (ID,QTD,ID_ITEM,ID_REBELDE) VALUES (26,3,3,7);


INSERT INTO INVENTARIO (ID,QTD,ID_ITEM,ID_REBELDE) VALUES (27,  5,  1,   8);
INSERT INTO INVENTARIO (ID,QTD,ID_ITEM,ID_REBELDE) VALUES (28,4,4,8);
INSERT INTO INVENTARIO (ID,QTD,ID_ITEM,ID_REBELDE) VALUES (29,20,2,8);
INSERT INTO INVENTARIO (ID,QTD,ID_ITEM,ID_REBELDE) VALUES (30,3,3,8);


INSERT INTO INVENTARIO (ID,QTD,ID_ITEM,ID_REBELDE) VALUES (31,1,4,9);
INSERT INTO INVENTARIO (ID,QTD,ID_ITEM,ID_REBELDE) VALUES (32,2,1,9);
INSERT INTO INVENTARIO (ID,QTD,ID_ITEM,ID_REBELDE) VALUES (33,5,3,9);

INSERT INTO INVENTARIO (ID,QTD,ID_ITEM,ID_REBELDE) VALUES (34,1,4,10);
INSERT INTO INVENTARIO (ID,QTD,ID_ITEM,ID_REBELDE) VALUES (35,2,1,10);
INSERT INTO INVENTARIO (ID,QTD,ID_ITEM,ID_REBELDE) VALUES (36,5,3,10);